i_id,i_n,j_id,j_n,alpha,mu
1,100,1,100,0.5,33.84963828800975
1,100,2,100,0.3,28.918742803009156
2,100,1,100,-0.2,20.864602480201253
2,100,2,100,-0.2,21.771802584145057
1,100,0,-1,0,37.231618908981716
2,100,0,-1,0,57.36359493565396
0,-1,1,100,0,45.28575923178932
0,-1,2,100,0,49.309454612845876
